rate_date,currency,rate_to_usd
2026-05-01,USD,0.996
2026-05-01,EUR,1.07568
2026-05-01,VND,3.884e-05
2026-05-01,JPY,0.0063744
2026-05-02,USD,0.998
2026-05-02,EUR,1.07784
2026-05-02,VND,3.892e-05
2026-05-02,JPY,0.0063872
2026-05-03,USD,1.0
2026-05-03,EUR,1.08
2026-05-03,VND,3.9e-05
2026-05-03,JPY,0.0064
2026-05-04,USD,1.002
2026-05-04,EUR,1.08216
2026-05-04,VND,3.908e-05
2026-05-04,JPY,0.0064128
2026-05-05,USD,1.004
2026-05-05,EUR,1.08432
2026-05-05,VND,3.916e-05
2026-05-05,JPY,0.0064256
2026-05-06,USD,0.996
2026-05-06,EUR,1.07568
2026-05-06,VND,3.884e-05
2026-05-06,JPY,0.0063744
2026-05-07,USD,0.998
2026-05-07,EUR,1.07784
2026-05-07,VND,3.892e-05
2026-05-07,JPY,0.0063872
2026-05-08,USD,1.0
2026-05-08,EUR,1.08
2026-05-08,VND,3.9e-05
2026-05-08,JPY,0.0064
2026-05-09,USD,1.002
2026-05-09,EUR,1.08216
2026-05-09,VND,3.908e-05
2026-05-09,JPY,0.0064128
2026-05-10,USD,1.004
2026-05-10,EUR,1.08432
2026-05-10,VND,3.916e-05
2026-05-10,JPY,0.0064256
2026-05-11,USD,0.996
2026-05-11,EUR,1.07568
2026-05-11,VND,3.884e-05
2026-05-11,JPY,0.0063744
2026-05-12,USD,0.998
2026-05-12,EUR,1.07784
2026-05-12,VND,3.892e-05
2026-05-12,JPY,0.0063872
2026-05-13,USD,1.0
2026-05-13,EUR,1.08
2026-05-13,VND,3.9e-05
2026-05-13,JPY,0.0064
2026-05-14,USD,1.002
2026-05-14,EUR,1.08216
2026-05-14,VND,3.908e-05
2026-05-14,JPY,0.0064128
2026-05-15,USD,1.004
2026-05-15,EUR,1.08432
2026-05-15,VND,3.916e-05
2026-05-15,JPY,0.0064256
2026-05-16,USD,0.996
2026-05-16,EUR,1.07568
2026-05-16,VND,3.884e-05
2026-05-16,JPY,0.0063744
