user_id,email,phone,country,created_at,updated_at
user_001488,user_001488@example.com,001-987-441-4278x53141,VN,2026-04-13T12:40:21Z,2026-04-16T02:37:07Z
user_002212,user_002212@example.com,(964)854-3676,VN,2026-01-07T22:21:58Z,2026-04-16T02:28:10Z
user_003803,user_003803@example.com,(519)730-0207x90647,JP,2026-01-10T06:39:54Z,2026-04-16T02:07:31Z
user_005330,user_005330@example.com,745.878.9040x74067,SG,2026-01-06T11:57:40Z,2026-04-16T03:09:16Z
user_006670,user_006670@example.com,3706918577,FR,2026-04-04T10:48:03Z,2026-04-16T03:13:59Z
user_007019,user_007019@example.com,6006622959,FR,2025-11-27T07:23:25Z,2026-04-16T02:44:18Z
user_007758,user_007758@example.com,808-617-2058,US,2026-02-10T12:32:58Z,2026-04-16T00:13:09Z
user_008469,user_008469@example.com,(742)862-7514,JP,2026-02-22T08:55:47Z,2026-04-16T03:22:15Z
user_008813,user_008813@example.com,+1-204-863-9543x9769,FR,2026-03-01T11:36:26Z,2026-04-16T01:16:49Z
user_009317,user_009317@example.com,844-393-6055,DE,2026-03-29T10:49:58Z,2026-04-16T03:07:24Z
user_010022,user_010022@example.com,5322243866,FR,2026-02-28T16:54:27Z,2026-04-16T02:57:33Z
user_011182,user_011182@example.com,+1-257-931-8612x464,SG,2026-01-27T22:24:47Z,2026-04-16T00:31:00Z
user_011220,user_011220@example.com,001-278-333-8026,JP,2026-02-04T21:36:44Z,2026-04-16T01:16:54Z
user_011686,user_011686@example.com,392.989.9820,US,2026-02-13T00:36:00Z,2026-04-16T02:36:07Z
user_012017,user_012017@example.com,848.497.0918,DE,2026-02-22T16:04:47Z,2026-04-16T02:39:15Z
user_012223,user_012223@example.com,001-776-752-7187,SG,2026-04-08T23:50:42Z,2026-04-16T01:16:04Z
user_012989,user_012989@example.com,(224)861-4473,US,2026-02-23T10:56:19Z,2026-04-16T00:21:21Z
user_013617,user_013617@example.com,765-209-3121x11400,FR,2026-04-03T19:57:44Z,2026-04-16T04:22:14Z
user_016740,user_016740@example.com,609.338.4945x6890,VN,2026-02-22T02:58:33Z,2026-04-16T01:44:08Z
user_017385,user_017385@example.com,952-789-4522,SG,2026-01-30T00:21:12Z,2026-04-16T04:09:46Z
user_018361,user_018361@example.com,(627)509-7073,FR,2026-03-30T10:35:45Z,2026-04-16T02:09:53Z
user_018604,user_018604@example.com,001-372-697-0143x36869,FR,2026-03-19T21:19:50Z,2026-04-16T04:41:46Z
user_019123,user_019123@example.com,255.706.4798x67039,VN,2025-12-19T08:16:27Z,2026-04-16T02:00:20Z
user_019141,user_019141@example.com,9456587861,US,2026-04-03T08:18:59Z,2026-04-16T00:58:54Z
user_019316,user_019316@example.com,+1-711-578-2713x0985,DE,2026-02-14T12:38:19Z,2026-04-16T02:18:59Z
user_015505,user_015505.7424@example.com,779.552.9046x48550,US,2025-11-05T03:49:45Z,2026-04-16T03:57:16Z
user_004937,user_004937@example.com,742-523-5205,FR,2026-03-08T01:14:03Z,2026-04-16T02:10:48Z
user_016631,user_016631@example.com,+1-468-653-5186x29026,DE,2026-04-17T15:33:16Z,2026-04-16T02:25:57Z
user_004699,user_004699.4766@example.com,374-629-0629,SG,2026-03-08T04:04:53Z,2026-04-16T02:10:46Z
user_006254,user_006254.3581@example.com,001-626-862-0632,DE,2025-12-29T22:46:45Z,2026-04-16T02:37:40Z
user_006282,user_006282@example.com,,VN,2026-04-12T06:36:29Z,2026-04-16T01:35:56Z
user_002367,user_002367@example.com,408.972.5842x30227,VN,2026-04-28T19:51:20Z,2026-04-16T00:19:14Z
user_019278,user_019278@example.com,+1-759-435-2854x063,DE,2025-11-08T18:12:02Z,2026-04-16T00:14:57Z
user_014187,user_014187.7489@example.com,001-333-340-0551x8858,SG,2025-12-23T14:41:07Z,2026-04-16T03:20:09Z
user_000198,user_000198@example.com,8747576616,DE,2026-01-13T01:04:16Z,2026-04-16T01:56:45Z
user_011408,user_011408.0384@example.com,+1-490-204-7292x603,JP,2026-01-02T23:45:59Z,2026-04-16T03:37:49Z
